id,image,treetype
1,Images/Oak/oak125.jpeg,1
2,Images/Oak/oak133.jpeg,1
3,Images/Oak/oak42.jpg,1
4,Images/Oak/oak56.jpg,1
5,Images/Oak/oak81.jpg,1
6,Images/Oak/oak80.jpg,1
7,Images/Oak/oak148.jpeg,1
8,Images/Oak/oak57.jpg,1
9,Images/Oak/oak43.jpg,1
10,Images/Oak/oak109.jpeg,1
11,Images/Oak/oak93.jpeg,1
12,Images/Oak/oak1.jpg,1
13,Images/Oak/oak3.jpg,1
14,Images/Oak/oak129.jpeg,1
15,Images/Oak/oak69.jpg,1
16,Images/Oak/oak55.jpg,1
17,Images/Oak/oak41.jpg,1
18,Images/Oak/oak159.jpg,1
19,Images/Oak/oak82.jpg,1
20,Images/Oak/oak83.jpg,1
21,Images/Oak/oak158.jpg,1
22,Images/Oak/oak40.jpg,1
23,Images/Oak/oak54.jpg,1
24,Images/Oak/oak68.jpg,1
25,Images/Oak/oak144.jpeg,1
26,Images/Oak/oak113.jpeg,1
27,Images/Oak/oak105.jpeg,1
28,Images/Oak/oak152.jpeg,1
29,Images/Oak/oak2.jpg,1
30,Images/Oak/oak153.jpeg,1
31,Images/Oak/oak6.jpg,1
32,Images/Oak/oak104.jpeg,1
33,Images/Oak/oak112.jpeg,1
34,Images/Oak/oak50.jpg,1
35,Images/Oak/oak44.jpg,1
36,Images/Oak/oak78.jpg,1
37,Images/Oak/oak145.jpeg,1
38,Images/Oak/oak160.jpg,1
39,Images/Oak/oak87.jpg,1
40,Images/Oak/oak86.jpg,1
41,Images/Oak/oak161.jpg,1
42,Images/Oak/oak79.jpg,1
43,Images/Oak/oak45.jpg,1
44,Images/Oak/oak51.jpg,1
45,Images/Oak/oak128.jpeg,1
46,Images/Oak/oak7.jpg,1
47,Images/Oak/oak5.jpg,1
48,Images/Oak/oak92.jpeg,1
49,Images/Oak/oak108.jpeg,1
51,Images/Oak/oak53.jpg,1
52,Images/Oak/oak84.jpg,1
53,Images/Oak/oak149.jpeg,1
54,Images/Oak/oak85.jpg,1
55,Images/Oak/oak162.jpg,1
56,Images/Oak/oak132.jpeg,1
57,Images/Oak/oak52.jpg,1
58,Images/Oak/oak46.jpg,1
59,Images/Oak/oak124.jpeg,1
60,Images/Oak/oak4.jpg,1
61,Images/Oak/oak21.jpg,1
62,Images/Oak/oak35.jpg,1
63,Images/Oak/oak139.jpeg,1
64,Images/Oak/oak34.jpg,1
65,Images/Oak/oak20.jpg,1
66,Images/Oak/oak142.jpeg,1
67,Images/Oak/oak115.jpeg,1
68,Images/Oak/oak99.jpeg,1
69,Images/Oak/oak103.jpeg,1
70,Images/Oak/oak154.jpeg,1
71,Images/Oak/oak123.jpeg,1
72,Images/Oak/oak135.jpeg,1
73,Images/Oak/oak36.jpg,1
74,Images/Oak/oak22.jpg,1
75,Images/Oak/oak23.jpg,1
76,Images/Oak/oak37.jpg,1
77,Images/Oak/oak119.jpeg,1
78,Images/Oak/oak95.jpeg,1
79,Images/Oak/oak94.jpeg,1
80,Images/Oak/oak118.jpeg,1
81,Images/Oak/oak33.jpg,1
82,Images/Oak/oak27.jpg,1
83,Images/Oak/oak134.jpeg,1
84,Images/Oak/oak26.jpg,1
85,Images/Oak/oak32.jpg,1
86,Images/Oak/oak122.jpeg,1
87,Images/Oak/oak155.jpeg,1
88,Images/Oak/oak102.jpeg,1
89,Images/Oak/oak98.jpeg,1
90,Images/Oak/oak114.jpeg,1
91,Images/Oak/oak24.jpg,1
92,Images/Oak/oak30.jpg,1
93,Images/Oak/oak18.jpg,1
94,Images/Oak/oak143.jpeg,1
95,Images/Oak/oak138.jpeg,1
96,Images/Oak/oak19.jpg,1
97,Images/Oak/oak31.jpg,1
98,Images/Oak/oak25.jpg,1
99,Images/Oak/oak156.jpeg,1
100,Images/Oak/oak101.jpeg,1
101,Images/Oak/oak117.jpeg,1
102,Images/Oak/oak28.jpg,1
103,Images/Oak/oak140.jpeg,1
104,Images/Oak/oak14.jpg,1
105,Images/Oak/oak15.jpg,1
106,Images/Oak/oak29.jpg,1
107,Images/Oak/oak97.jpeg,1
108,Images/Oak/oak17.jpg,1
109,Images/Oak/oak16.jpg,1
110,Images/Oak/oak137.jpeg,1
111,Images/Oak/oak121.jpeg,1
112,Images/Oak/oak120.jpeg,1
113,Images/Oak/oak12.jpg,1
114,Images/Oak/oak136.jpeg,1
115,Images/Oak/oak13.jpg,1
116,Images/Oak/oak96.jpeg,1
117,Images/Oak/oak11.jpg,1
118,Images/Oak/oak39.jpg,1
119,Images/Oak/oak38.jpg,1
120,Images/Oak/oak141.jpeg,1
121,Images/Oak/oak10.jpg,1
122,Images/Oak/oak116.jpeg,1
123,Images/Oak/oak100.jpeg,1
124,Images/Oak/oak157.jpeg,1
125,Images/Oak/oak9.jpg,1
126,Images/Oak/oak91.jpeg,1
127,Images/Oak/oak63.jpg,1
128,Images/Oak/oak77.jpg,1
129,Images/Oak/oak88.jpg,1
130,Images/Oak/oak89.jpg,1
131,Images/Oak/oak76.jpg,1
132,Images/Oak/oak62.jpg,1
133,Images/Oak/oak131.jpeg,1
134,Images/Oak/oak8.jpg,1
135,Images/Oak/oak127.jpeg,1
136,Images/Oak/oak150.jpeg,1
137,Images/Oak/oak107.jpeg,1
138,Images/Oak/oak111.jpeg,1
139,Images/Oak/oak48.jpg,1
140,Images/Oak/oak146.jpeg,1
141,Images/Oak/oak74.jpg,1
142,Images/Oak/oak60.jpg,1
143,Images/Oak/oak61.jpg,1
144,Images/Oak/oak75.jpg,1
145,Images/Oak/oak49.jpg,1
146,Images/Oak/oak71.jpg,1
147,Images/Oak/oak65.jpg,1
148,Images/Oak/oak59.jpg,1
149,Images/Oak/oak58.jpg,1
150,Images/Oak/oak147.jpeg,1
151,Images/Oak/oak64.jpg,1
152,Images/Oak/oak70.jpg,1
153,Images/Oak/oak110.jpeg,1
154,Images/Oak/oak106.jpeg,1
155,Images/Oak/oak151.jpeg,1
156,Images/Oak/oak126.jpeg,1
157,Images/Oak/oak66.jpg,1
158,Images/Oak/oak72.jpg,1
159,Images/Oak/oak130.jpeg,1
160,Images/Oak/oak73.jpg,1
161,Images/Oak/oak67.jpg,1
162,Images/Oak/oak90.jpeg,1
163,Images/Maple/mpl58.jpg,2
164,Images/Maple/mpl64.jpg,2
165,Images/Maple/mpl147.jpeg,2
166,Images/Maple/mpl110.jpeg,2
167,Images/Maple/mpl106.jpeg,2
168,Images/Maple/mpl59.jpg,2
169,Images/Maple/mpl96.jpeg,2
170,Images/Maple/mpl79.jpeg,2
171,Images/Maple/mpl80.jpeg,2
172,Images/Maple/mpl126.jpeg,2
173,Images/Maple/mpl130.jpeg,2
174,Images/Maple/mpl131.jpeg,2
175,Images/Maple/mpl62.jpg,2
176,Images/Maple/mpl127.jpeg,2
177,Images/Maple/mpl81.jpeg,2
178,Images/Maple/mpl97.jpeg,2
179,Images/Maple/mpl78.jpeg,2
180,Images/Maple/mpl63.jpg,2
181,Images/Maple/mpl61.jpg,2
182,Images/Maple/mpl49.jpg,2
183,Images/Maple/mpl107.jpeg,2
184,Images/Maple/mpl111.jpeg,2
185,Images/Maple/mpl48.jpg,2
186,Images/Maple/mpl60.jpg,2
187,Images/Maple/mpl146.jpeg,2
188,Images/Maple/mpl9.jpg,2
189,Images/Maple/mpl13.jpg,2
190,Images/Maple/mpl90.jpeg,2
191,Images/Maple/mpl86.jpeg,2
192,Images/Maple/mpl120.jpeg,2
193,Images/Maple/mpl136.jpeg,2
194,Images/Maple/mpl12.jpg,2
195,Images/Maple/mpl8.jpg,2
196,Images/Maple/mpl38.jpg,2
197,Images/Maple/mpl141.jpeg,2
198,Images/Maple/mpl10.jpg,2
199,Images/Maple/mpl116.jpeg,2
200,Images/Maple/mpl100.jpeg,2
201,Images/Maple/mpl11.jpg,2
202,Images/Maple/mpl39.jpg,2
203,Images/Maple/mpl15.jpg,2
204,Images/Maple/mpl29.jpg,2
205,Images/Maple/mpl101.jpeg,2
206,Images/Maple/mpl117.jpeg,2
207,Images/Maple/mpl28.jpg,2
208,Images/Maple/mpl140.jpeg,2
209,Images/Maple/mpl14.jpg,2
210,Images/Maple/mpl16.jpg,2
211,Images/Maple/mpl137.jpeg,2
212,Images/Maple/mpl121.jpeg,2
213,Images/Maple/mpl87.jpeg,2
214,Images/Maple/mpl91.jpeg,2
215,Images/Maple/mpl17.jpg,2
216,Images/Maple/mpl134.jpeg,2
217,Images/Maple/mpl32.jpg,2
218,Images/Maple/mpl26.jpg,2
219,Images/Maple/mpl122.jpeg,2
220,Images/Maple/mpl84.jpeg,2
221,Images/Maple/mpl118.jpeg,2
222,Images/Maple/mpl92.jpeg,2
223,Images/Maple/mpl27.jpg,2
224,Images/Maple/mpl33.jpg,2
225,Images/Maple/mpl1.jpg,2
226,Images/Maple/mpl3.jpg,2
227,Images/Maple/mpl138.jpeg,2
228,Images/Maple/mpl19.jpg,2
229,Images/Maple/mpl25.jpg,2
230,Images/Maple/mpl31.jpg,2
231,Images/Maple/mpl102.jpeg,2
232,Images/Maple/mpl88.jpeg,2
233,Images/Maple/mpl114.jpeg,2
234,Images/Maple/mpl71.jpeg,2
235,Images/Maple/mpl30.jpg,2
236,Images/Maple/mpl143.jpeg,2
237,Images/Maple/mpl24.jpg,2
238,Images/Maple/mpl18.jpg,2
239,Images/Maple/mpl2.jpg,2
240,Images/Maple/mpl6.jpg,2
241,Images/Maple/mpl20.jpg,2
242,Images/Maple/mpl142.jpeg,2
243,Images/Maple/mpl34.jpg,2
244,Images/Maple/mpl115.jpeg,2
245,Images/Maple/mpl103.jpeg,2
246,Images/Maple/mpl89.jpeg,2
247,Images/Maple/mpl35.jpg,2
248,Images/Maple/mpl21.jpg,2
249,Images/Maple/mpl7.jpg,2
250,Images/Maple/mpl139.jpeg,2
251,Images/Maple/mpl5.jpg,2
252,Images/Maple/mpl37.jpg,2
253,Images/Maple/mpl23.jpg,2
254,Images/Maple/mpl119.jpeg,2
255,Images/Maple/mpl93.jpeg,2
256,Images/Maple/mpl85.jpeg,2
257,Images/Maple/mpl123.jpeg,2
258,Images/Maple/mpl135.jpeg,2
259,Images/Maple/mpl22.jpg,2
260,Images/Maple/mpl36.jpg,2
261,Images/Maple/mpl4.jpg,2
262,Images/Maple/mpl51.jpg,2
263,Images/Maple/mpl45.jpg,2
264,Images/Maple/mpl128.jpeg,2
265,Images/Maple/mpl104.jpeg,2
266,Images/Maple/mpl77.jpeg,2
267,Images/Maple/mpl112.jpeg,2
268,Images/Maple/mpl98.jpeg,2
269,Images/Maple/mpl44.jpg,2
270,Images/Maple/mpl145.jpeg,2
271,Images/Maple/mpl50.jpg,2
272,Images/Maple/mpl46.jpg,2
273,Images/Maple/mpl132.jpeg,2
274,Images/Maple/mpl52.jpg,2
275,Images/Maple/mpl124.jpeg,2
276,Images/Maple/mpl108.jpeg,2
277,Images/Maple/mpl82.jpeg,2
278,Images/Maple/mpl94.jpeg,2
279,Images/Maple/mpl53.jpg,2
280,Images/Maple/mpl47.jpg,2
281,Images/Maple/mpl149.jpeg,2
282,Images/Maple/mpl148.jpeg,2
283,Images/Maple/mpl43.jpg,2
284,Images/Maple/mpl57.jpg,2
285,Images/Maple/mpl95.jpeg,2
286,Images/Maple/mpl109.jpeg,2
287,Images/Maple/mpl83.jpeg,2
288,Images/Maple/mpl125.jpeg,2
289,Images/Maple/mpl56.jpg,2
290,Images/Maple/mpl133.jpeg,2
291,Images/Maple/mpl42.jpg,2
292,Images/Maple/mpl54.jpg,2
293,Images/Maple/mpl144.jpeg,2
294,Images/Maple/mpl40.jpg,2
295,Images/Maple/mpl76.jpeg,2
296,Images/Maple/mpl113.jpeg,2
297,Images/Maple/mpl99.jpeg,2
298,Images/Maple/mpl105.jpeg,2
299,Images/Maple/mpl129.jpeg,2
300,Images/Maple/mpl41.jpg,2
301,Images/Maple/mpl55.jpg,2
302,Images/Honeysuckle/hs119.jpeg,0
303,Images/Honeysuckle/hs230.jpeg,0
304,Images/Honeysuckle/hs40.jpeg,0
305,Images/Honeysuckle/hs17.jpeg,0
306,Images/Honeysuckle/hs158.jpeg,0
307,Images/Honeysuckle/hs226.jpeg,0
308,Images/Honeysuckle/hs56.jpeg,0
309,Images/Honeysuckle/hs174.jpeg,0
310,Images/Honeysuckle/hs123.jpeg,0
311,Images/Honeysuckle/hs95.jpeg,0
312,Images/Honeysuckle/hs135.jpeg,0
313,Images/Honeysuckle/hs83.jpeg,0
314,Images/Honeysuckle/hs162.jpeg,0
315,Images/Honeysuckle/hs115.jpeg,0
316,Images/Honeysuckle/hs142.jpeg,0
317,Images/Honeysuckle/hs154.jpeg,0
318,Images/Honeysuckle/hs103.jpeg,0
319,Images/Honeysuckle/hs21.jpeg,0
320,Images/Honeysuckle/hs178.jpeg,0
321,Images/Honeysuckle/hs197.jpeg,0
322,Images/Honeysuckle/hs76.jpeg,0
323,Images/Honeysuckle/hs99.jpeg,0
324,Images/Honeysuckle/hs206.jpeg,0
325,Images/Honeysuckle/hs60.jpeg,0
326,Images/Honeysuckle/hs210.jpeg,0
327,Images/Honeysuckle/hs139.jpeg,0
328,Images/Honeysuckle/hs37.jpeg,0
329,Images/Honeysuckle/hs181.jpeg,0
330,Images/Honeysuckle/hs180.jpeg,0
331,Images/Honeysuckle/hs1.jpeg,0
332,Images/Honeysuckle/hs36.jpeg,0
333,Images/Honeysuckle/hs138.jpeg,0
334,Images/Honeysuckle/hs61.jpeg,0
335,Images/Honeysuckle/hs211.jpeg,0
336,Images/Honeysuckle/hs77.jpeg,0
337,Images/Honeysuckle/hs98.jpeg,0
338,Images/Honeysuckle/hs207.jpeg,0
339,Images/Honeysuckle/hs179.jpeg,0
340,Images/Honeysuckle/hs196.jpeg,0
341,Images/Honeysuckle/hs20.jpeg,0
342,Images/Honeysuckle/hs102.jpeg,0
343,Images/Honeysuckle/hs155.jpeg,0
344,Images/Honeysuckle/hs143.jpeg,0
345,Images/Honeysuckle/hs114.jpeg,0
346,Images/Honeysuckle/hs163.jpeg,0
347,Images/Honeysuckle/hs82.jpeg,0
348,Images/Honeysuckle/hs134.jpeg,0
349,Images/Honeysuckle/hs94.jpeg,0
350,Images/Honeysuckle/hs122.jpeg,0
351,Images/Honeysuckle/hs175.jpeg,0
352,Images/Honeysuckle/hs227.jpeg,0
353,Images/Honeysuckle/hs57.jpeg,0
354,Images/Honeysuckle/hs159.jpeg,0
355,Images/Honeysuckle/hs16.jpeg,0
356,Images/Honeysuckle/hs231.jpeg,0
357,Images/Honeysuckle/hs41.jpeg,0
358,Images/Honeysuckle/hs118.jpeg,0
359,Images/Honeysuckle/hs113.jpeg,0
360,Images/Honeysuckle/hs144.jpeg,0
361,Images/Honeysuckle/hs152.jpeg,0
362,Images/Honeysuckle/hs105.jpeg,0
363,Images/Honeysuckle/hs27.jpeg,0
364,Images/Honeysuckle/hs191.jpeg,0
365,Images/Honeysuckle/hs70.jpeg,0
366,Images/Honeysuckle/hs200.jpeg,0
367,Images/Honeysuckle/hs129.jpeg,0
368,Images/Honeysuckle/hs66.jpeg,0
369,Images/Honeysuckle/hs89.jpeg,0
370,Images/Honeysuckle/hs216.jpeg,0
371,Images/Honeysuckle/hs31.jpeg,0
372,Images/Honeysuckle/hs6.jpeg,0
373,Images/Honeysuckle/hs168.jpeg,0
374,Images/Honeysuckle/hs187.jpeg,0
375,Images/Honeysuckle/hs236.jpeg,0
376,Images/Honeysuckle/hs46.jpeg,0
377,Images/Honeysuckle/hs148.jpeg,0
378,Images/Honeysuckle/hs11.jpeg,0
379,Images/Honeysuckle/hs238.jpg,0
380,Images/Honeysuckle/hs109.jpeg,0
381,Images/Honeysuckle/hs220.jpeg,0
382,Images/Honeysuckle/hs50.jpeg,0
383,Images/Honeysuckle/hs172.jpeg,0
384,Images/Honeysuckle/hs239.jpg,0
385,Images/Honeysuckle/hs125.jpeg,0
386,Images/Honeysuckle/hs93.jpeg,0
387,Images/Honeysuckle/hs133.jpeg,0
388,Images/Honeysuckle/hs85.jpeg,0
389,Images/Honeysuckle/hs164.jpeg,0
390,Images/Honeysuckle/hs165.jpeg,0
391,Images/Honeysuckle/hs84.jpeg,0
392,Images/Honeysuckle/hs132.jpeg,0
393,Images/Honeysuckle/hs92.jpeg,0
394,Images/Honeysuckle/hs124.jpeg,0
395,Images/Honeysuckle/hs173.jpeg,0
396,Images/Honeysuckle/hs221.jpeg,0
397,Images/Honeysuckle/hs51.jpeg,0
398,Images/Honeysuckle/hs108.jpeg,0
399,Images/Honeysuckle/hs10.jpeg,0
400,Images/Honeysuckle/hs149.jpeg,0
401,Images/Honeysuckle/hs47.jpeg,0
402,Images/Honeysuckle/hs169.jpeg,0
403,Images/Honeysuckle/hs186.jpeg,0
404,Images/Honeysuckle/hs30.jpeg,0
405,Images/Honeysuckle/hs7.jpeg,0
406,Images/Honeysuckle/hs67.jpeg,0
407,Images/Honeysuckle/hs88.jpeg,0
408,Images/Honeysuckle/hs217.jpeg,0
409,Images/Honeysuckle/hs128.jpeg,0
410,Images/Honeysuckle/hs71.jpeg,0
411,Images/Honeysuckle/hs201.jpeg,0
412,Images/Honeysuckle/hs190.jpeg,0
413,Images/Honeysuckle/hs26.jpeg,0
414,Images/Honeysuckle/hs104.jpeg,0
415,Images/Honeysuckle/hs153.jpeg,0
416,Images/Honeysuckle/hs145.jpeg,0
417,Images/Honeysuckle/hs112.jpeg,0
418,Images/Honeysuckle/hs185.jpeg,0
419,Images/Honeysuckle/hs4.jpeg,0
420,Images/Honeysuckle/hs33.jpeg,0
421,Images/Honeysuckle/hs214.jpeg,0
422,Images/Honeysuckle/hs64.jpeg,0
423,Images/Honeysuckle/hs202.jpeg,0
424,Images/Honeysuckle/hs72.jpeg,0
425,Images/Honeysuckle/hs193.jpeg,0
426,Images/Honeysuckle/hs25.jpeg,0
427,Images/Honeysuckle/hs107.jpeg,0
428,Images/Honeysuckle/hs150.jpeg,0
429,Images/Honeysuckle/hs146.jpeg,0
430,Images/Honeysuckle/hs111.jpeg,0
431,Images/Honeysuckle/hs48.jpeg,0
432,Images/Honeysuckle/hs8.jpeg,0
433,Images/Honeysuckle/hs189.jpeg,0
434,Images/Honeysuckle/hs166.jpeg,0
435,Images/Honeysuckle/hs87.jpeg,0
436,Images/Honeysuckle/hs68.jpeg,0
437,Images/Honeysuckle/hs131.jpeg,0
438,Images/Honeysuckle/hs91.jpeg,0
439,Images/Honeysuckle/hs127.jpeg,0
440,Images/Honeysuckle/hs29.jpeg,0
441,Images/Honeysuckle/hs170.jpeg,0
442,Images/Honeysuckle/hs52.jpeg,0
443,Images/Honeysuckle/hs222.jpeg,0
444,Images/Honeysuckle/hs218.jpg,0
445,Images/Honeysuckle/hs13.jpeg,0
446,Images/Honeysuckle/hs44.jpeg,0
447,Images/Honeysuckle/hs234.jpeg,0
448,Images/Honeysuckle/hs45.jpeg,0
449,Images/Honeysuckle/hs235.jpeg,0
450,Images/Honeysuckle/hs12.jpeg,0
451,Images/Honeysuckle/hs53.jpeg,0
452,Images/Honeysuckle/hs223.jpeg,0
453,Images/Honeysuckle/hs171.jpeg,0
454,Images/Honeysuckle/hs28.jpeg,0
455,Images/Honeysuckle/hs126.jpeg,0
456,Images/Honeysuckle/hs90.jpeg,0
457,Images/Honeysuckle/hs130.jpeg,0
458,Images/Honeysuckle/hs86.jpeg,0
459,Images/Honeysuckle/hs219.jpeg,0
460,Images/Honeysuckle/hs69.jpeg,0
461,Images/Honeysuckle/hs188.jpeg,0
462,Images/Honeysuckle/hs167.jpeg,0
463,Images/Honeysuckle/hs9.jpeg,0
464,Images/Honeysuckle/hs49.jpeg,0
465,Images/Honeysuckle/hs110.jpeg,0
466,Images/Honeysuckle/hs147.jpeg,0
467,Images/Honeysuckle/hs151.jpeg,0
468,Images/Honeysuckle/hs237.jpg,0
469,Images/Honeysuckle/hs106.jpeg,0
470,Images/Honeysuckle/hs24.jpeg,0
471,Images/Honeysuckle/hs192.jpeg,0
472,Images/Honeysuckle/hs203.jpeg,0
473,Images/Honeysuckle/hs73.jpeg,0
474,Images/Honeysuckle/hs215.jpeg,0
475,Images/Honeysuckle/hs65.jpeg,0
476,Images/Honeysuckle/hs5.jpeg,0
477,Images/Honeysuckle/hs32.jpeg,0
478,Images/Honeysuckle/hs184.jpeg,0
479,Images/Honeysuckle/hs39.jpeg,0
480,Images/Honeysuckle/hs160.jpeg,0
481,Images/Honeysuckle/hs81.jpeg,0
482,Images/Honeysuckle/hs137.jpeg,0
483,Images/Honeysuckle/hs97.jpeg,0
484,Images/Honeysuckle/hs208.jpeg,0
485,Images/Honeysuckle/hs78.jpeg,0
486,Images/Honeysuckle/hs121.jpeg,0
487,Images/Honeysuckle/hs199.jpeg,0
488,Images/Honeysuckle/hs176.jpeg,0
489,Images/Honeysuckle/hs54.jpeg,0
490,Images/Honeysuckle/hs224.jpeg,0
491,Images/Honeysuckle/hs15.jpeg,0
492,Images/Honeysuckle/hs42.jpeg,0
493,Images/Honeysuckle/hs232.jpeg,0
494,Images/Honeysuckle/hs183.jpeg,0
495,Images/Honeysuckle/hs35.jpeg,0
496,Images/Honeysuckle/hs2.jpeg,0
497,Images/Honeysuckle/hs212.jpeg,0
498,Images/Honeysuckle/hs62.jpeg,0
499,Images/Honeysuckle/hs204.jpeg,0
500,Images/Honeysuckle/hs74.jpeg,0
501,Images/Honeysuckle/hs195.jpeg,0
502,Images/Honeysuckle/hs23.jpeg,0
503,Images/Honeysuckle/hs101.jpeg,0
504,Images/Honeysuckle/hs58.jpeg,0
505,Images/Honeysuckle/hs228.jpeg,0
506,Images/Honeysuckle/hs156.jpeg,0
507,Images/Honeysuckle/hs140.jpeg,0
508,Images/Honeysuckle/hs19.jpeg,0
509,Images/Honeysuckle/hs117.jpeg,0
510,Images/Honeysuckle/hs116.jpeg,0
511,Images/Honeysuckle/hs18.jpeg,0
512,Images/Honeysuckle/hs141.jpeg,0
513,Images/Honeysuckle/hs157.jpeg,0
514,Images/Honeysuckle/hs59.jpeg,0
515,Images/Honeysuckle/hs229.jpeg,0
516,Images/Honeysuckle/hs100.jpeg,0
517,Images/Honeysuckle/hs22.jpeg,0
518,Images/Honeysuckle/hs194.jpeg,0
519,Images/Honeysuckle/hs205.jpeg,0
520,Images/Honeysuckle/hs75.jpeg,0
521,Images/Honeysuckle/hs213.jpeg,0
522,Images/Honeysuckle/hs63.jpeg,0
523,Images/Honeysuckle/hs34.jpeg,0
524,Images/Honeysuckle/hs3.jpeg,0
525,Images/Honeysuckle/hs182.jpeg,0
526,Images/Honeysuckle/hs43.jpeg,0
527,Images/Honeysuckle/hs233.jpeg,0
528,Images/Honeysuckle/hs14.jpeg,0
529,Images/Honeysuckle/hs55.jpeg,0
530,Images/Honeysuckle/hs225.jpeg,0
531,Images/Honeysuckle/hs198.jpeg,0
532,Images/Honeysuckle/hs177.jpeg,0
533,Images/Honeysuckle/hs120.jpeg,0
534,Images/Honeysuckle/hs96.jpeg,0
535,Images/Honeysuckle/hs209.jpeg,0
536,Images/Honeysuckle/hs79.jpeg,0
537,Images/Honeysuckle/hs136.jpeg,0
538,Images/Honeysuckle/hs80.jpeg,0
539,Images/Honeysuckle/hs161.jpeg,0
540,Images/Honeysuckle/hs38.jpeg,0
542,Images/Ash/ash157.jpg,3
543,Images/Ash/ash143.jpg,3
544,Images/Ash/ash127.jpeg,3
545,Images/Ash/ash86.jpeg,3
546,Images/Ash/ash90.jpeg,3
547,Images/Ash/ash131.jpeg,3
548,Images/Ash/ash111.jpeg,3
549,Images/Ash/ash107.jpeg,3
550,Images/Ash/ash155.jpg,3
551,Images/Ash/ash154.jpg,3
552,Images/Ash/ash73.jpeg,3
553,Images/Ash/ash72.jpeg,3
554,Images/Ash/ash150.jpg,3
555,Images/Ash/ash144.jpg,3
556,Images/Ash/ash145.jpg,3
557,Images/Ash/ash151.jpg,3
558,Images/Ash/ash106.jpeg,3
559,Images/Ash/ash110.jpeg,3
560,Images/Ash/ash130.jpeg,3
561,Images/Ash/ash91.jpeg,3
562,Images/Ash/ash87.jpeg,3
563,Images/Ash/ash147.jpg,3
564,Images/Ash/ash153.jpg,3
565,Images/Ash/ash126.jpeg,3
566,Images/Ash/ash152.jpg,3
567,Images/Ash/ash146.jpg,3
568,Images/Ash/ash140.jpeg,3
569,Images/Ash/ash3.jpg,3
570,Images/Ash/ash117.jpeg,3
571,Images/Ash/ash101.jpeg,3
572,Images/Ash/ash75.jpeg,3
573,Images/Ash/ash2.jpg,3
574,Images/Ash/ash121.jpeg,3
575,Images/Ash/ash80.jpeg,3
576,Images/Ash/ash96.jpeg,3
577,Images/Ash/ash1.jpg,3
578,Images/Ash/ash79.jpeg,3
579,Images/Ash/ash137.jpeg,3
580,Images/Ash/ash136.jpeg,3
581,Images/Ash/ash5.jpg,3
582,Images/Ash/ash97.jpeg,3
583,Images/Ash/ash78.jpeg,3
584,Images/Ash/ash81.jpeg,3
585,Images/Ash/ash120.jpeg,3
586,Images/Ash/ash4.jpg,3
587,Images/Ash/ash6.jpg,3
588,Images/Ash/ash74.jpeg,3
589,Images/Ash/ash100.jpeg,3
590,Images/Ash/ash116.jpeg,3
591,Images/Ash/ash7.jpg,3
592,Images/Ash/ash141.jpeg,3
593,Images/Ash/ash139.jpeg,3
594,Images/Ash/ash77.jpeg,3
595,Images/Ash/ash98.jpeg,3
596,Images/Ash/ash103.jpeg,3
597,Images/Ash/ash115.jpeg,3
598,Images/Ash/ash142.jpeg,3
599,Images/Ash/ash135.jpeg,3
600,Images/Ash/ash94.jpeg,3
601,Images/Ash/ash82.jpeg,3
602,Images/Ash/ash123.jpeg,3
603,Images/Ash/ash119.jpeg,3
604,Images/Ash/ash118.jpeg,3
605,Images/Ash/ash122.jpeg,3
606,Images/Ash/ash83.jpeg,3
607,Images/Ash/ash95.jpeg,3
608,Images/Ash/ash134.jpeg,3
609,Images/Ash/ash114.jpeg,3
610,Images/Ash/ash102.jpeg,3
611,Images/Ash/ash76.jpeg,3
612,Images/Ash/ash99.jpeg,3
613,Images/Ash/ash138.jpeg,3
614,Images/Ash/ash133.jpeg,3
615,Images/Ash/ash92.jpeg,3
616,Images/Ash/ash84.jpeg,3
617,Images/Ash/ash125.jpeg,3
618,Images/Ash/ash163.jpg,3
619,Images/Ash/ash162.jpg,3
620,Images/Ash/ash109.jpeg,3
621,Images/Ash/ash88.jpeg,3
622,Images/Ash/ash129.jpeg,3
623,Images/Ash/ash148.jpg,3
624,Images/Ash/ash160.jpg,3
625,Images/Ash/ash161.jpg,3
626,Images/Ash/ash149.jpg,3
627,Images/Ash/ash105.jpeg,3
628,Images/Ash/ash113.jpeg,3
629,Images/Ash/ash112.jpeg,3
630,Images/Ash/ash104.jpeg,3
631,Images/Ash/ash165.jpg,3
632,Images/Ash/ash159.jpg,3
633,Images/Ash/ash158.jpg,3
634,Images/Ash/ash164.jpg,3
635,Images/Ash/ash128.jpeg,3
636,Images/Ash/ash89.jpeg,3
637,Images/Ash/ash108.jpeg,3
638,Images/Ash/ash124.jpeg,3
639,Images/Ash/ash85.jpeg,3
640,Images/Ash/ash93.jpeg,3
641,Images/Ash/ash132.jpeg,3
642,Images/Cedar/cdr89.jpeg,4
643,Images/Cedar/cdr122.jpeg,4
644,Images/Cedar/cdr158.jpg,4
645,Images/Cedar/cdr42.jpg,4
646,Images/Cedar/cdr56.jpg,4
647,Images/Cedar/cdr70.jpeg,4
648,Images/Cedar/cdr118.jpeg,4
649,Images/Cedar/cdr57.jpg,4
650,Images/Cedar/cdr43.jpg,4
651,Images/Cedar/cdr85.jpeg,4
652,Images/Cedar/cdr55.jpg,4
653,Images/Cedar/cdr41.jpg,4
654,Images/Cedar/cdr93.jpeg,4
655,Images/Cedar/cdr114.jpeg,4
656,Images/Cedar/cdr50.jpeg,4
657,Images/Cedar/cdr40.jpg,4
658,Images/Cedar/cdr54.jpg,4
659,Images/Cedar/cdr102.jpeg,4
660,Images/Cedar/cdr46.jpeg,4
661,Images/Cedar/cdr47.jpeg,4
662,Images/Cedar/cdr103.jpeg,4
663,Images/Cedar/cdr51.jpeg,4
664,Images/Cedar/cdr115.jpeg,4
665,Images/Cedar/cdr92.jpeg,4
666,Images/Cedar/cdr84.jpeg,4
667,Images/Cedar/cdr53.jpg,4
668,Images/Cedar/cdr119.jpeg,4
669,Images/Cedar/cdr71.jpeg,4
670,Images/Cedar/cdr123.jpeg,4
671,Images/Cedar/cdr67.jpeg,4
672,Images/Cedar/cdr88.jpeg,4
673,Images/Cedar/cdr128.jpeg,4
674,Images/Cedar/cdr83.jpeg,4
675,Images/Cedar/cdr21.jpg,4
676,Images/Cedar/cdr35.jpg,4
677,Images/Cedar/cdr5.jpg,4
678,Images/Cedar/cdr95.jpeg,4
679,Images/Cedar/cdr4.jpg,4
680,Images/Cedar/cdr112.jpeg,4
681,Images/Cedar/cdr34.jpg,4
682,Images/Cedar/cdr104.jpeg,4
683,Images/Cedar/cdr20.jpg,4
684,Images/Cedar/cdr153.jpeg,4
685,Images/Cedar/cdr124.jpeg,4
686,Images/Cedar/cdr138.jpg,4
687,Images/Cedar/cdr36.jpg,4
688,Images/Cedar/cdr22.jpg,4
689,Images/Cedar/cdr76.jpeg,4
690,Images/Cedar/cdr6.jpg,4
691,Images/Cedar/cdr99.jpeg,4
692,Images/Cedar/cdr132.jpeg,4
693,Images/Cedar/cdr7.jpg,4
694,Images/Cedar/cdr149.jpeg,4
695,Images/Cedar/cdr23.jpg,4
696,Images/Cedar/cdr37.jpg,4
697,Images/Cedar/cdr108.jpeg,4
698,Images/Cedar/cdr139.jpg,4
699,Images/Cedar/cdr109.jpeg,4
700,Images/Cedar/cdr33.jpg,4
701,Images/Cedar/cdr27.jpg,4
702,Images/Cedar/cdr148.jpeg,4
703,Images/Cedar/cdr3.jpg,4
704,Images/Cedar/cdr77.jpeg,4
705,Images/Cedar/cdr2.jpg,4
706,Images/Cedar/cdr98.jpeg,4
707,Images/Cedar/cdr26.jpg,4
708,Images/Cedar/cdr32.jpg,4
709,Images/Cedar/cdr125.jpeg,4
710,Images/Cedar/cdr152.jpeg,4
711,Images/Cedar/cdr24.jpg,4
712,Images/Cedar/cdr105.jpeg,4
713,Images/Cedar/cdr30.jpg,4
714,Images/Cedar/cdr18.jpg,4
715,Images/Cedar/cdr113.jpeg,4
716,Images/Cedar/cdr94.jpeg,4
717,Images/Cedar/cdr1.jpg,4
718,Images/Cedar/cdr19.jpg,4
719,Images/Cedar/cdr31.jpg,4
720,Images/Cedar/cdr25.jpg,4
721,Images/Cedar/cdr82.jpeg,4
722,Images/Cedar/cdr129.jpeg,4
723,Images/Cedar/cdr151.jpeg,4
724,Images/Cedar/cdr28.jpg,4
725,Images/Cedar/cdr14.jpg,4
726,Images/Cedar/cdr106.jpeg,4
727,Images/Cedar/cdr110.jpeg,4
728,Images/Cedar/cdr147.jpeg,4
729,Images/Cedar/cdr97.jpeg,4
730,Images/Cedar/cdr78.jpeg,4
731,Images/Cedar/cdr15.jpg,4
732,Images/Cedar/cdr29.jpg,4
733,Images/Cedar/cdr133.jpg,4
734,Images/Cedar/cdr81.jpeg,4
735,Images/Cedar/cdr17.jpg,4
736,Images/Cedar/cdr130.jpeg,4
737,Images/Cedar/cdr74.jpeg,4
738,Images/Cedar/cdr16.jpg,4
739,Images/Cedar/cdr126.jpeg,4
740,Images/Cedar/cdr127.jpeg,4
741,Images/Cedar/cdr134.jpg,4
742,Images/Cedar/cdr12.jpg,4
743,Images/Cedar/cdr75.jpeg,4
744,Images/Cedar/cdr131.jpeg,4
745,Images/Cedar/cdr13.jpg,4
746,Images/Cedar/cdr135.jpg,4
747,Images/Cedar/cdr80.jpeg,4
748,Images/Cedar/cdr137.jpg,4
749,Images/Cedar/cdr11.jpg,4
750,Images/Cedar/cdr39.jpg,4
751,Images/Cedar/cdr9.jpg,4
752,Images/Cedar/cdr96.jpeg,4
753,Images/Cedar/cdr79.jpeg,4
754,Images/Cedar/cdr8.jpg,4
755,Images/Cedar/cdr111.jpeg,4
756,Images/Cedar/cdr38.jpg,4
757,Images/Cedar/cdr10.jpg,4
758,Images/Cedar/cdr107.jpeg,4
759,Images/Cedar/cdr136.jpg,4
760,Images/Cedar/cdr150.jpeg,4
761,Images/Cedar/cdr145.jpg,4
762,Images/Cedar/cdr48.jpeg,4
763,Images/Cedar/cdr63.jpg,4
764,Images/Cedar/cdr72.jpeg,4
765,Images/Cedar/cdr62.jpg,4
766,Images/Cedar/cdr144.jpg,4
767,Images/Cedar/cdr120.jpeg,4
768,Images/Cedar/cdr44.jpeg,4
769,Images/Cedar/cdr146.jpg,4
770,Images/Cedar/cdr100.jpeg,4
771,Images/Cedar/cdr60.jpg,4
772,Images/Cedar/cdr52.jpeg,4
773,Images/Cedar/cdr116.jpeg,4
774,Images/Cedar/cdr91.jpeg,4
775,Images/Cedar/cdr61.jpg,4
776,Images/Cedar/cdr87.jpeg,4
777,Images/Cedar/cdr68.jpeg,4
778,Images/Cedar/cdr86.jpeg,4
779,Images/Cedar/cdr69.jpeg,4
780,Images/Cedar/cdr143.jpg,4
781,Images/Cedar/cdr157.jpg,4
782,Images/Cedar/cdr65.jpg,4
783,Images/Cedar/cdr59.jpg,4
784,Images/Cedar/cdr90.jpeg,4
785,Images/Cedar/cdr117.jpeg,4
786,Images/Cedar/cdr58.jpg,4
787,Images/Cedar/cdr64.jpg,4
788,Images/Cedar/cdr101.jpeg,4
789,Images/Cedar/cdr45.jpeg,4
790,Images/Cedar/cdr156.jpg,4
791,Images/Cedar/cdr142.jpg,4
792,Images/Cedar/cdr121.jpeg,4
793,Images/Cedar/cdr154.jpg,4
794,Images/Cedar/cdr140.jpg,4
795,Images/Cedar/cdr66.jpg,4
796,Images/Cedar/cdr73.jpeg,4
797,Images/Cedar/cdr49.jpeg,4
798,Images/Cedar/cdr141.jpg,4
799,Images/Cedar/cdr155.jpg,4